tau,rmse
0.03,114.91773295464806
0.05,115.11887613590473
0.08,115.02831553166001
0.1,115.10853925839858
0.15,114.83427564454063
0.2,115.19646027870819
0.3,115.14489371691579
